{
    "loss": 0.22348226606845856,
    "accuracy": 0.9568345546722412
}