{
    "loss": 0.9185072183609009,
    "accuracy": 0.5107913613319397
}